Job Title,Description
Accountant,"Looking for Accountant with accounting, payroll, SAP, Excel, budgeting and tax reporting experience."
Banking Analyst,"Banking Analyst required with finance, risk analysis, Excel, reporting and customer service skills."
Business Development Specialist,"Business Development Specialist with sales, negotiation, CRM systems and communication skills."
Chef,"Chef position requiring kitchen management, food preparation, menu planning and teamwork."
Construction Project Manager,"Construction Project Manager with AutoCAD, budgeting, planning and leadership experience."
Consultant,"Consultant role requiring business analysis, communication, reporting and client management."
Graphic Designer,"Graphic Designer with Adobe Photoshop, Illustrator, UI/UX and branding experience."
Digital Media Specialist,"Digital Media Specialist experienced with social media marketing, SEO, content creation and analytics."
Mechanical Engineer,"Mechanical Engineer with CAD, manufacturing, problem solving and technical documentation skills."
Financial Analyst,"Financial Analyst experienced in financial reporting, Excel, forecasting and SAP."
Fitness Trainer,"Fitness Trainer with workout planning, nutrition and customer communication skills."
Healthcare Assistant,"Healthcare Assistant with patient care, medical records and communication experience."
HR Specialist,"HR Specialist required with recruitment, onboarding, HR systems and communication skills."
IT Support Specialist,"IT Support Specialist with networking, Windows, Linux, troubleshooting and customer support."
Public Relations Specialist,"PR Specialist experienced with media communication, marketing and content writing."
Sales Manager,"Sales Manager with negotiation, CRM systems, reporting and leadership experience."
Teacher,"Teacher required with lesson planning, communication, classroom management and education experience."
Data Analyst,"Data Analyst with SQL, Python, Power BI, Excel and data visualization skills."
Machine Learning Engineer,"Machine Learning Engineer with TensorFlow, PyTorch, Python and deep learning experience."
Frontend Developer,"Frontend Developer experienced in React, JavaScript, HTML and CSS."
Backend Developer,"Backend Developer with Python, Django, REST API and PostgreSQL."
Cloud Engineer,"Cloud Engineer with AWS, Docker, Kubernetes and Linux administration."
Cybersecurity Analyst,"Cybersecurity Analyst experienced with SIEM, penetration testing and networking."
Agriculture Specialist,"Agriculture Specialist with crop analysis, agricultural planning and reporting experience."
Automobile Engineer,"Automobile Engineer with diagnostics, CAD systems and manufacturing knowledge."
